Date,Device Category,Browser,# of Visitors,Sessions,Bounce Rate
2014-01-01 00:00:00,desktop,Chrome,900,934,55.5675
2014-01-01 00:00:00,desktop,Firefox,692,761,40.8673
2014-01-01 00:00:00,desktop,Internet Explorer,1038,1107,31.2556
2014-01-01 00:00:00,desktop,Opera,35,35,100
2014-01-01 00:00:00,desktop,Safari,484,554,24.9097
2014-01-01 00:00:00,mobile,Android Browser,242,311,89.0675
2014-01-01 00:00:00,mobile,Chrome,242,242,71.4876
2014-01-01 00:00:00,mobile,Internet Explorer,35,35,100
2014-01-01 00:00:00,mobile,Safari,969,1038,60.0193
2014-01-01 00:00:00,mobile,Safari (in-app),35,35,100
2014-01-01 00:00:00,tablet,Amazon Silk,35,35,100
2014-01-01 00:00:00,tablet,Android Browser,35,35,100
2014-01-01 00:00:00,tablet,Safari,208,242,28.5124
2014-01-02 00:00:00,desktop,Chrome,2076,2318,46.2899
2014-01-02 00:00:00,desktop,Firefox,969,1003,65.5035
2014-01-02 00:00:00,desktop,IE with Chrome Frame,35,35,0
2014-01-02 00:00:00,desktop,Internet Explorer,2837,3183,45.6488
2014-01-02 00:00:00,desktop,Safari,934,1038,26.6859
2014-01-02 00:00:00,mobile,Android Browser,381,692,75
2014-01-02 00:00:00,mobile,BlackBerry,35,69,0
2014-01-02 00:00:00,mobile,Chrome,104,104,100
2014-01-02 00:00:00,mobile,Safari,1003,1038,46.6281
2014-01-02 00:00:00,mobile,Safari (in-app),104,104,100
2014-01-02 00:00:00,mobile,UC Browser,35,35,0
2014-01-02 00:00:00,tablet,Android Browser,35,35,100
2014-01-02 00:00:00,tablet,Chrome,173,208,50
2014-01-02 00:00:00,tablet,Safari,450,450,53.7778
2014-01-03 00:00:00,desktop,Chrome,1869,2007,65.5207
2014-01-03 00:00:00,desktop,Firefox,934,1003,58.6241
2014-01-03 00:00:00,desktop,Internet Explorer,2595,2837,45.1181
2014-01-03 00:00:00,desktop,Opera,35,35,100
2014-01-03 00:00:00,desktop,Safari,727,727,61.8982
2014-01-03 00:00:00,mobile,Android Browser,519,623,66.6132
2014-01-03 00:00:00,mobile,Chrome,242,277,49.8195
2014-01-03 00:00:00,mobile,Safari,830,969,85.6553
2014-01-03 00:00:00,tablet,Amazon Silk,35,35,0
2014-01-03 00:00:00,tablet,Android Browser,35,35,100
2014-01-03 00:00:00,tablet,Chrome,69,104,33.6538
2014-01-03 00:00:00,tablet,Safari,519,554,56.1372
2014-01-04 00:00:00,desktop,Chrome,934,934,62.955
2014-01-04 00:00:00,desktop,Firefox,761,761,45.4665
2014-01-04 00:00:00,desktop,Internet Explorer,969,1107,43.7218
2014-01-04 00:00:00,desktop,Safari,346,346,60.1156
2014-01-04 00:00:00,mobile,Android Browser,381,381,63.5171
2014-01-04 00:00:00,mobile,BlackBerry,35,35,100
2014-01-04 00:00:00,mobile,Chrome,277,277,87.3646
2014-01-04 00:00:00,mobile,Opera Mini,69,69,100
2014-01-04 00:00:00,mobile,Safari,796,830,58.3133
2014-01-04 00:00:00,mobile,Safari (in-app),35,35,100
2014-01-04 00:00:00,mobile,UC Browser,35,35,100
2014-01-04 00:00:00,tablet,Amazon Silk,69,69,0
2014-01-04 00:00:00,tablet,Android Browser,69,138,100
2014-01-04 00:00:00,tablet,Chrome,138,173,79.7688
2014-01-04 00:00:00,tablet,Safari,519,623,72.2311
2014-01-05 00:00:00,desktop,Chrome,1211,1419,51.2333
2014-01-05 00:00:00,desktop,Firefox,969,1038,46.6281
2014-01-05 00:00:00,desktop,Internet Explorer,969,1038,53.3719
2014-01-05 00:00:00,desktop,Safari,484,484,28.5124
2014-01-05 00:00:00,mobile,Android Browser,484,554,56.1372
2014-01-05 00:00:00,mobile,Chrome,208,208,50
2014-01-05 00:00:00,mobile,Internet Explorer,35,35,0
2014-01-05 00:00:00,mobile,Safari,727,761,68.1997
2014-01-05 00:00:00,tablet,Amazon Silk,35,35,0
2014-01-05 00:00:00,tablet,Chrome,69,69,50.7246
2014-01-05 00:00:00,tablet,Safari,519,588,41.1565
2014-01-05 00:00:00,tablet,Safari (in-app),35,35,100
2014-01-06 00:00:00,desktop,Chrome,2422,2837,43.9196
2014-01-06 00:00:00,desktop,Firefox,1730,1869,35.1525
2014-01-06 00:00:00,desktop,IE with Chrome Frame,104,104,33.6538
2014-01-06 00:00:00,desktop,Internet Explorer,3564,4187,35.5386
2014-01-06 00:00:00,desktop,Opera,35,35,100
2014-01-06 00:00:00,desktop,Safari,1280,1419,56.0958
2014-01-06 00:00:00,mobile,Android Browser,519,554,68.7726
2014-01-06 00:00:00,mobile,Chrome,242,242,71.4876
2014-01-06 00:00:00,mobile,Opera Mini,69,69,0
2014-01-06 00:00:00,mobile,Safari,969,1073,67.754
2014-01-06 00:00:00,mobile,Safari (in-app),69,69,100
2014-01-06 00:00:00,tablet,Amazon Silk,35,35,0
2014-01-06 00:00:00,tablet,Chrome,69,69,100
2014-01-06 00:00:00,tablet,Safari,761,900,26.8889
2014-01-06 00:00:00,tablet,Safari (in-app),69,69,50.7246
2014-01-07 00:00:00,desktop,Chrome,3737,4533,50.3861
2014-01-07 00:00:00,desktop,Firefox,1592,1799,26.9038
2014-01-07 00:00:00,desktop,IE with Chrome Frame,104,104,66.3462
2014-01-07 00:00:00,desktop,Internet Explorer,5986,7197,41.823
2014-01-07 00:00:00,desktop,Opera,35,35,0
2014-01-07 00:00:00,desktop,Safari,1350,1557,44.4444
2014-01-07 00:00:00,mobile,Android Browser,1038,1246,69.4222
2014-01-07 00:00:00,mobile,Chrome,311,415,50.1205
2014-01-07 00:00:00,mobile,Firefox,35,35,0
2014-01-07 00:00:00,mobile,Internet Explorer,35,35,100
2014-01-07 00:00:00,mobile,Safari,1592,1903,63.6364
2014-01-07 00:00:00,mobile,Safari (in-app),173,173,60.1156
2014-01-07 00:00:00,tablet,Amazon Silk,104,173,100
2014-01-07 00:00:00,tablet,BlackBerry,35,35,100
2014-01-07 00:00:00,tablet,Chrome,69,69,0
2014-01-07 00:00:00,tablet,Safari,830,934,29.6574
2014-01-08 00:00:00,desktop,Chrome,3045,3322,42.7152
2014-01-08 00:00:00,desktop,Firefox,1246,1350,51.2593
2014-01-08 00:00:00,desktop,IE with Chrome Frame,35,35,0
2014-01-08 00:00:00,desktop,Internet Explorer,5121,5986,45.6732
2014-01-08 00:00:00,desktop,Opera,35,35,100
2014-01-08 00:00:00,desktop,Safari,830,900,57.6667
2014-01-08 00:00:00,mobile,Android Browser,1177,1419,58.4919
2014-01-08 00:00:00,mobile,Chrome,554,588,64.7959
2014-01-08 00:00:00,mobile,Firefox,35,35,100
2014-01-08 00:00:00,mobile,Safari,1834,2007,56.9008
2014-01-08 00:00:00,mobile,Safari (in-app),69,69,100
2014-01-08 00:00:00,tablet,Amazon Silk,35,35,100
2014-01-08 00:00:00,tablet,Chrome,104,173,79.7688
2014-01-08 00:00:00,tablet,Safari,830,934,62.955
2014-01-08 00:00:00,tablet,Safari (in-app),35,35,100
2014-01-09 00:00:00,desktop,Chrome,3114,3564,45.6229
2014-01-09 00:00:00,desktop,Firefox,1350,1488,46.5054
2014-01-09 00:00:00,desktop,IE with Chrome Frame,69,69,100
2014-01-09 00:00:00,desktop,Internet Explorer,5087,5883,37.0559
2014-01-09 00:00:00,desktop,Opera,35,35,100
2014-01-09 00:00:00,desktop,Safari,1211,1384,45.0145
2014-01-09 00:00:00,mobile,Android Browser,934,1107,31.2556
2014-01-09 00:00:00,mobile,Chrome,381,519,53.3719
2014-01-09 00:00:00,mobile,Safari,1246,1419,63.4249
2014-01-09 00:00:00,mobile,Safari (in-app),173,173,60.1156
2014-01-09 00:00:00,tablet,Amazon Silk,69,69,100
2014-01-09 00:00:00,tablet,Android Browser,35,35,100
2014-01-09 00:00:00,tablet,Chrome,69,69,0
2014-01-09 00:00:00,tablet,Safari,692,900,57.6667
2014-01-09 00:00:00,tablet,Safari (in-app),35,35,100
2014-01-10 00:00:00,desktop,Chrome,1972,2318,43.2701
2014-01-10 00:00:00,desktop,Firefox,900,934,59.3148
2014-01-10 00:00:00,desktop,Internet Explorer,3045,3564,40.7688
2014-01-10 00:00:00,desktop,Opera,104,104,100
2014-01-10 00:00:00,desktop,Safari,727,761,63.6005
2014-01-10 00:00:00,mobile,Android Browser,554,761,45.4665
2014-01-10 00:00:00,mobile,BlackBerry,35,35,100
2014-01-10 00:00:00,mobile,Chrome,242,277,100
2014-01-10 00:00:00,mobile,Firefox,35,35,100
2014-01-10 00:00:00,mobile,Internet Explorer,35,35,0
2014-01-10 00:00:00,mobile,Opera Mini,35,35,100
2014-01-10 00:00:00,mobile,Safari,865,865,72.0231
2014-01-10 00:00:00,mobile,Safari (in-app),35,35,100
2014-01-10 00:00:00,tablet,Android Browser,35,35,100
2014-01-10 00:00:00,tablet,Chrome,138,138,75.3623
2014-01-10 00:00:00,tablet,Safari,484,484,42.9752
2014-01-10 00:00:00,tablet,Safari (in-app),104,104,100
2014-01-11 00:00:00,desktop,Chrome,1073,1073,45.1072
2014-01-11 00:00:00,desktop,Firefox,727,761,54.5335
2014-01-11 00:00:00,desktop,Internet Explorer,1107,1211,62.8406
2014-01-11 00:00:00,desktop,Safari,346,346,39.8844
2014-01-11 00:00:00,mobile,Android Browser,311,311,55.627
2014-01-11 00:00:00,mobile,Chrome,242,242,71.4876
2014-01-11 00:00:00,mobile,Internet Explorer,69,69,100
2014-01-11 00:00:00,mobile,Safari,692,727,66.575
2014-01-11 00:00:00,mobile,Safari (in-app),35,35,100
2014-01-11 00:00:00,tablet,Android Browser,69,69,50.7246
2014-01-11 00:00:00,tablet,Chrome,138,138,50
2014-01-11 00:00:00,tablet,Safari,554,657,52.6636
2014-01-11 00:00:00,tablet,Safari (in-app),35,35,100
2014-01-12 00:00:00,desktop,Chrome,1038,1142,60.5954
2014-01-12 00:00:00,desktop,Firefox,484,554,56.1372
2014-01-12 00:00:00,desktop,Internet Explorer,1177,1246,36.1156
2014-01-12 00:00:00,desktop,Opera,35,35,100
2014-01-12 00:00:00,desktop,Safari,519,588,23.4694
2014-01-12 00:00:00,desktop,YaBrowser,35,35,100
2014-01-12 00:00:00,mobile,Android Browser,277,277,75.0903
2014-01-12 00:00:00,mobile,Chrome,381,381,54.5932
2014-01-12 00:00:00,mobile,Opera Mini,35,35,100
2014-01-12 00:00:00,mobile,Safari,934,1038,63.2948
2014-01-12 00:00:00,mobile,Safari (in-app),35,35,100
2014-01-12 00:00:00,tablet,Android Browser,104,104,66.3462
2014-01-12 00:00:00,tablet,Chrome,69,69,50.7246
2014-01-12 00:00:00,tablet,Safari,519,519,40.0771
2014-01-13 00:00:00,desktop,Chrome,2042,2180,53.9908
2014-01-13 00:00:00,desktop,Firefox,1419,1869,55.5377
2014-01-13 00:00:00,desktop,Internet Explorer,3945,4671,43.7165
2014-01-13 00:00:00,desktop,Nintendo Browser,35,35,100
2014-01-13 00:00:00,desktop,Safari,1003,1107,46.8835
2014-01-13 00:00:00,mobile,Android Browser,346,381,72.7034
2014-01-13 00:00:00,mobile,Chrome,104,104,100
2014-01-13 00:00:00,mobile,Internet Explorer,69,69,50.7246
2014-01-13 00:00:00,mobile,Safari,727,727,66.575
2014-01-13 00:00:00,mobile,Safari (in-app),69,69,100
2014-01-13 00:00:00,tablet,Amazon Silk,35,35,0
2014-01-13 00:00:00,tablet,Android Browser,69,69,50.7246
2014-01-13 00:00:00,tablet,Chrome,35,35,0
2014-01-13 00:00:00,tablet,Safari,450,484,50
2014-01-14 00:00:00,desktop,Chrome,2422,2595,53.3333
2014-01-14 00:00:00,desktop,Firefox,1557,1730,43.9884
2014-01-14 00:00:00,desktop,IE with Chrome Frame,104,104,66.3462
2014-01-14 00:00:00,desktop,Internet Explorer,3806,4187,35.5386
2014-01-14 00:00:00,desktop,Opera,35,35,100
2014-01-14 00:00:00,desktop,Safari,900,969,42.8277
2014-01-14 00:00:00,mobile,Android Browser,727,796,56.5327
2014-01-14 00:00:00,mobile,Chrome,35,35,0
2014-01-14 00:00:00,mobile,Internet Explorer,35,35,0
2014-01-14 00:00:00,mobile,Safari,1003,1038,50
2014-01-14 00:00:00,mobile,Safari (in-app),35,35,100
2014-01-14 00:00:00,tablet,Android Browser,35,35,0
2014-01-14 00:00:00,tablet,Safari,484,588,41.1565
2014-01-14 00:00:00,tablet,Safari (in-app),69,69,100
2014-01-15 00:00:00,desktop,Chrome,2734,2941,57.6675
2014-01-15 00:00:00,desktop,Firefox,1453,1626,48.9545
2014-01-15 00:00:00,desktop,IE with Chrome Frame,35,35,0
2014-01-15 00:00:00,desktop,Internet Explorer,2907,3426,50.4962
2014-01-15 00:00:00,desktop,Opera,35,35,100
2014-01-15 00:00:00,desktop,Safari,830,830,45.9036
2014-01-15 00:00:00,mobile,Android Browser,381,554,68.7726
2014-01-15 00:00:00,mobile,BlackBerry,35,35,100
2014-01-15 00:00:00,mobile,Chrome,208,208,100
2014-01-15 00:00:00,mobile,Opera Mini,69,69,50.7246
2014-01-15 00:00:00,mobile,Safari,623,692,30.0578
2014-01-15 00:00:00,mobile,Safari (in-app),104,104,100
2014-01-15 00:00:00,tablet,Android Browser,35,35,0
2014-01-15 00:00:00,tablet,Chrome,69,104,33.6538
2014-01-15 00:00:00,tablet,Safari,588,588,47.1088
2014-01-15 00:00:00,tablet,Safari (in-app),69,69,100
2014-01-16 00:00:00,desktop,Chrome,2215,2422,51.4451
2014-01-16 00:00:00,desktop,Firefox,1073,1315,49.962
2014-01-16 00:00:00,desktop,Internet Explorer,2941,3495,49.4993
2014-01-16 00:00:00,desktop,Safari,727,761,77.2668
2014-01-16 00:00:00,mobile,Android Browser,415,484,57.2314
2014-01-16 00:00:00,mobile,Chrome,138,138,75.3623
2014-01-16 00:00:00,mobile,Dolfin,35,35,100
2014-01-16 00:00:00,mobile,Firefox,35,35,100
2014-01-16 00:00:00,mobile,Safari,1038,1107,71.9061
2014-01-16 00:00:00,tablet,Android Browser,69,69,0
2014-01-16 00:00:00,tablet,Chrome,35,35,0
2014-01-16 00:00:00,tablet,Safari,381,450,61.5556
2014-01-16 00:00:00,tablet,Safari (in-app),35,35,100
2014-01-16 00:00:00,tablet,YaBrowser,35,35,100
2014-01-17 00:00:00,desktop,Chrome,2111,2249,58.4704
2014-01-17 00:00:00,desktop,Firefox,1246,1523,65.8569
2014-01-17 00:00:00,desktop,Internet Explorer,2422,2595,49.3256
2014-01-17 00:00:00,desktop,Safari,727,865,60
2014-01-17 00:00:00,mobile,Android Browser,277,277,75.0903
2014-01-17 00:00:00,mobile,Chrome,35,35,100
2014-01-17 00:00:00,mobile,Opera Mini,35,35,100
2014-01-17 00:00:00,mobile,Safari,969,1003,79.3619
2014-01-17 00:00:00,tablet,Android Browser,35,35,100
2014-01-17 00:00:00,tablet,Chrome,69,69,100
2014-01-17 00:00:00,tablet,Safari,519,657,36.8341
2014-01-18 00:00:00,desktop,Chrome,900,934,33.2976
2014-01-18 00:00:00,desktop,Firefox,692,761,40.8673
2014-01-18 00:00:00,desktop,Internet Explorer,1107,1107,43.7218
2014-01-18 00:00:00,desktop,Safari,623,623,38.8443
2014-01-18 00:00:00,desktop,YaBrowser,35,35,100
2014-01-18 00:00:00,mobile,Android Browser,277,277,49.8195
2014-01-18 00:00:00,mobile,Chrome,208,277,75.0903
2014-01-18 00:00:00,mobile,Dolfin,35,35,0
2014-01-18 00:00:00,mobile,Safari,796,830,87.5904
2014-01-18 00:00:00,tablet,Amazon Silk,35,35,100
2014-01-18 00:00:00,tablet,Android Browser,69,69,50.7246
2014-01-18 00:00:00,tablet,Safari,346,346,50
2014-01-19 00:00:00,desktop,Chrome,1384,1488,48.8575
2014-01-19 00:00:00,desktop,Firefox,623,657,52.6636
2014-01-19 00:00:00,desktop,Internet Explorer,830,830,54.2169
2014-01-19 00:00:00,desktop,Opera,35,35,0
2014-01-19 00:00:00,desktop,Safari,657,692,50
2014-01-19 00:00:00,mobile,Android Browser,484,519,79.9615
2014-01-19 00:00:00,mobile,Chrome,173,173,100
2014-01-19 00:00:00,mobile,Safari,1003,1003,79.3619
2014-01-19 00:00:00,tablet,Chrome,35,35,0
2014-01-19 00:00:00,tablet,Safari,311,311,66.881
2014-01-20 00:00:00,desktop,Chrome,2145,2249,44.5976
2014-01-20 00:00:00,desktop,Firefox,1073,1073,38.6766
2014-01-20 00:00:00,desktop,Internet Explorer,1350,1523,40.9061
2014-01-20 00:00:00,desktop,Opera,35,35,0
2014-01-20 00:00:00,desktop,Safari,796,830,54.2169
2014-01-20 00:00:00,mobile,Android Browser,277,277,75.0903
2014-01-20 00:00:00,mobile,BlackBerry,69,69,0
2014-01-20 00:00:00,mobile,Chrome,208,311,77.8135
2014-01-20 00:00:00,mobile,Safari,1003,1038,56.6474
2014-01-20 00:00:00,tablet,Android Browser,35,35,100
2014-01-20 00:00:00,tablet,Safari,623,623,55.5377
2014-01-21 00:00:00,desktop,Chrome,2180,2422,51.4451
2014-01-21 00:00:00,desktop,Firefox,1003,1177,55.8199
2014-01-21 00:00:00,desktop,IE with Chrome Frame,35,35,100
2014-01-21 00:00:00,desktop,Internet Explorer,3391,4152,42.5096
2014-01-21 00:00:00,desktop,Safari,588,623,66.6132
2014-01-21 00:00:00,mobile,Android Browser,415,450,53.7778
2014-01-21 00:00:00,mobile,BlackBerry,35,69,50.7246
2014-01-21 00:00:00,mobile,Chrome,311,346,60.1156
2014-01-21 00:00:00,mobile,Firefox,35,35,0
2014-01-21 00:00:00,mobile,Opera Mini,35,35,100
2014-01-21 00:00:00,mobile,Safari,1246,1384,77.5289
2014-01-21 00:00:00,mobile,Safari (in-app),35,35,100
2014-01-21 00:00:00,tablet,Chrome,35,69,100
2014-01-21 00:00:00,tablet,Safari,554,657,68.4932
2014-01-22 00:00:00,desktop,Chrome,2318,2561,55.408
2014-01-22 00:00:00,desktop,Firefox,1211,1350,43.5556
2014-01-22 00:00:00,desktop,IE with Chrome Frame,35,35,100
2014-01-22 00:00:00,desktop,Internet Explorer,3149,3703,40.1836
2014-01-22 00:00:00,desktop,NetFront,35,35,100
2014-01-22 00:00:00,desktop,Opera,35,35,100
2014-01-22 00:00:00,desktop,Safari,588,692,55.0578
2014-01-22 00:00:00,mobile,Android Browser,208,208,100
2014-01-22 00:00:00,mobile,BlackBerry,35,35,100
2014-01-22 00:00:00,mobile,Chrome,450,450,61.5556
2014-01-22 00:00:00,mobile,Opera Mini,35,35,100
2014-01-22 00:00:00,mobile,Safari,1073,1211,80.0165
2014-01-22 00:00:00,tablet,Android Browser,104,104,100
2014-01-22 00:00:00,tablet,Chrome,69,138,75.3623
2014-01-22 00:00:00,tablet,Safari,588,623,44.4623
2014-01-22 00:00:00,tablet,Safari (in-app),35,35,100
2014-01-23 00:00:00,desktop,Chrome,2422,2561,60.7966
2014-01-23 00:00:00,desktop,Firefox,727,796,52.1357
2014-01-23 00:00:00,desktop,IE with Chrome Frame,69,69,50.7246
2014-01-23 00:00:00,desktop,Internet Explorer,3253,3668,45.2835
2014-01-23 00:00:00,desktop,Opera,35,35,100
2014-01-23 00:00:00,desktop,Safari,554,554,50
2014-01-23 00:00:00,mobile,Android Browser,311,381,81.6273
2014-01-23 00:00:00,mobile,BlackBerry,35,35,100
2014-01-23 00:00:00,mobile,Chrome,415,450,61.5556
2014-01-23 00:00:00,mobile,Safari,1003,1177,67.6296
2014-01-23 00:00:00,mobile,Safari (in-app),69,69,100
2014-01-23 00:00:00,tablet,Android Browser,138,242,42.9752
2014-01-23 00:00:00,tablet,Chrome,104,138,25.3623
2014-01-23 00:00:00,tablet,Safari,381,381,63.5171
2014-01-24 00:00:00,desktop,Chrome,1799,2007,49.9751
2014-01-24 00:00:00,desktop,Firefox,1177,1453,42.8768
2014-01-24 00:00:00,desktop,Internet Explorer,2872,3495,40.6009
2014-01-24 00:00:00,desktop,Opera,35,35,100
2014-01-24 00:00:00,desktop,Safari,623,692,50
2014-01-24 00:00:00,mobile,Android Browser,381,415,66.747
2014-01-24 00:00:00,mobile,Chrome,104,138,100
2014-01-24 00:00:00,mobile,Safari,796,865,87.9769
2014-01-24 00:00:00,mobile,Safari (in-app),35,35,100
2014-01-24 00:00:00,tablet,Android Browser,35,69,100
2014-01-24 00:00:00,tablet,Chrome,35,35,100
2014-01-24 00:00:00,tablet,Safari,277,277,24.9097
2014-01-25 00:00:00,desktop,Chrome,1211,1246,50
2014-01-25 00:00:00,desktop,Firefox,415,450,53.7778
2014-01-25 00:00:00,desktop,Internet Explorer,934,934,55.5675
2014-01-25 00:00:00,desktop,Safari,588,623,61.1557
2014-01-25 00:00:00,mobile,Android Browser,311,311,89.0675
2014-01-25 00:00:00,mobile,Chrome,277,277,87.3646
2014-01-25 00:00:00,mobile,Firefox,35,35,0
2014-01-25 00:00:00,mobile,Opera Mini,35,35,100
2014-01-25 00:00:00,mobile,Safari,657,727,71.3893
2014-01-25 00:00:00,tablet,Amazon Silk,35,35,100
2014-01-25 00:00:00,tablet,Android Browser,173,173,20.2312
2014-01-25 00:00:00,tablet,Safari,381,450,61.5556
2014-01-26 00:00:00,desktop,Chrome,1107,1211,57.1429
2014-01-26 00:00:00,desktop,Firefox,727,727,57.0839
2014-01-26 00:00:00,desktop,Internet Explorer,1315,1350,48.6667
2014-01-26 00:00:00,desktop,Opera,35,35,100
2014-01-26 00:00:00,desktop,Safari,484,484,78.719
2014-01-26 00:00:00,mobile,Android Browser,311,311,22.1865
2014-01-26 00:00:00,mobile,BlackBerry,35,35,100
2014-01-26 00:00:00,mobile,Chrome,35,35,100
2014-01-26 00:00:00,mobile,Opera Mini,35,35,100
2014-01-26 00:00:00,mobile,Safari,830,900,76.8889
2014-01-26 00:00:00,tablet,Chrome,35,35,100
2014-01-26 00:00:00,tablet,Safari,519,519,46.6281
2014-01-26 00:00:00,tablet,Safari (in-app),35,35,100
2014-01-27 00:00:00,desktop,Chrome,2837,2976,47.6815
2014-01-27 00:00:00,desktop,Firefox,1211,1280,37.8125
2014-01-27 00:00:00,desktop,IE with Chrome Frame,104,104,33.6538
2014-01-27 00:00:00,desktop,Internet Explorer,3322,3876,40.1703
2014-01-27 00:00:00,desktop,Opera,35,35,100
2014-01-27 00:00:00,desktop,Safari,934,1003,34.4965
2014-01-27 00:00:00,mobile,Android Browser,484,484,71.4876
2014-01-27 00:00:00,mobile,Chrome,104,104,100
2014-01-27 00:00:00,mobile,Opera Mini,35,35,100
2014-01-27 00:00:00,mobile,Safari,796,830,87.5904
2014-01-27 00:00:00,mobile,Safari (in-app),35,35,100
2014-01-27 00:00:00,tablet,Amazon Silk,35,35,0
2014-01-27 00:00:00,tablet,Android Browser,138,138,75.3623
2014-01-27 00:00:00,tablet,Chrome,35,35,100
2014-01-27 00:00:00,tablet,Safari,554,554,50
2014-01-28 00:00:00,desktop,Chrome,2215,2491,54.1951
2014-01-28 00:00:00,desktop,Firefox,1073,1246,47.191
2014-01-28 00:00:00,desktop,IE with Chrome Frame,35,35,100
2014-01-28 00:00:00,desktop,Internet Explorer,3149,3876,46.4138
2014-01-28 00:00:00,desktop,Opera,69,69,100
2014-01-28 00:00:00,desktop,Safari,761,761,54.5335
2014-01-28 00:00:00,desktop,UC Browser,35,35,100
2014-01-28 00:00:00,mobile,Android Browser,415,415,41.6867
2014-01-28 00:00:00,mobile,Chrome,242,311,55.627
2014-01-28 00:00:00,mobile,Internet Explorer,35,35,100
2014-01-28 00:00:00,mobile,Safari,1003,1107,74.9774
2014-01-28 00:00:00,mobile,Safari (in-app),35,35,100
2014-01-28 00:00:00,tablet,Amazon Silk,104,104,66.3462
2014-01-28 00:00:00,tablet,Android Browser,69,69,0
2014-01-28 00:00:00,tablet,Chrome,138,173,79.7688
2014-01-28 00:00:00,tablet,Safari,415,415,33.253
2014-01-28 00:00:00,tablet,Safari (in-app),35,35,100
2014-01-29 00:00:00,desktop,Chrome,2872,3218,52.7035
2014-01-29 00:00:00,desktop,Firefox,761,865,44.0462
2014-01-29 00:00:00,desktop,IE with Chrome Frame,69,69,0
2014-01-29 00:00:00,desktop,Internet Explorer,2699,3391,39.8113
2014-01-29 00:00:00,desktop,Opera,35,35,100
2014-01-29 00:00:00,desktop,Safari,692,727,57.0839
2014-01-29 00:00:00,mobile,Android Browser,277,311,66.881
2014-01-29 00:00:00,mobile,Chrome,311,381,90.8136
2014-01-29 00:00:00,mobile,Internet Explorer,35,35,100
2014-01-29 00:00:00,mobile,Opera Mini,35,35,100
2014-01-29 00:00:00,mobile,S40 Ovi Browser,35,35,0
2014-01-29 00:00:00,mobile,Safari,1038,1142,63.6602
2014-01-29 00:00:00,mobile,Safari (in-app),104,104,66.3462
2014-01-29 00:00:00,tablet,Amazon Silk,35,35,0
2014-01-29 00:00:00,tablet,Android Browser,35,35,0
2014-01-29 00:00:00,tablet,Chrome,104,104,66.3462
2014-01-29 00:00:00,tablet,Safari,381,381,36.2205
2014-01-30 00:00:00,desktop,Chrome,2388,2595,46.6667
2014-01-30 00:00:00,desktop,Firefox,1419,1488,44.1532
2014-01-30 00:00:00,desktop,IE with Chrome Frame,104,104,100
2014-01-30 00:00:00,desktop,Internet Explorer,3080,3633,50.4817
2014-01-30 00:00:00,desktop,Opera,35,35,100
2014-01-30 00:00:00,desktop,Safari,519,554,43.6823
2014-01-30 00:00:00,mobile,Android Browser,346,346,69.9422
2014-01-30 00:00:00,mobile,Chrome,277,277,87.3646
2014-01-30 00:00:00,mobile,Safari,830,969,53.5604
2014-01-30 00:00:00,mobile,Safari (in-app),35,35,100
2014-01-30 00:00:00,tablet,Android Browser,69,69,0
2014-01-30 00:00:00,tablet,Safari,484,484,50
2014-01-31 00:00:00,desktop,Chrome,2353,2491,58.33
2014-01-31 00:00:00,desktop,Firefox,969,1003,51.7448
2014-01-31 00:00:00,desktop,IE with Chrome Frame,69,69,0
2014-01-31 00:00:00,desktop,Internet Explorer,2526,2872,51.8106
2014-01-31 00:00:00,desktop,Opera,35,35,100
2014-01-31 00:00:00,desktop,Safari,727,727,38.1018
2014-01-31 00:00:00,mobile,Android Browser,381,381,72.7034
2014-01-31 00:00:00,mobile,Chrome,173,173,60.1156
2014-01-31 00:00:00,mobile,Firefox,35,35,100
2014-01-31 00:00:00,mobile,Safari,830,830,79.1566
2014-01-31 00:00:00,mobile,Safari (in-app),35,35,100
2014-01-31 00:00:00,tablet,Android Browser,69,69,100
2014-01-31 00:00:00,tablet,Chrome,35,69,0
2014-01-31 00:00:00,tablet,Safari,450,450,38.4444
2014-02-01 00:00:00,desktop,Chrome,1003,1280,51.3281
2014-02-01 00:00:00,desktop,Firefox,554,554,56.1372
2014-02-01 00:00:00,desktop,IE with Chrome Frame,35,35,0
2014-02-01 00:00:00,desktop,Internet Explorer,934,934,59.3148
2014-02-01 00:00:00,desktop,Safari,588,588,41.1565
2014-02-01 00:00:00,mobile,Android Browser,381,450,84.6667
2014-02-01 00:00:00,mobile,Chrome,208,208,33.1731
2014-02-01 00:00:00,mobile,Safari,588,588,76.5306
2014-02-01 00:00:00,tablet,Amazon Silk,35,35,0
2014-02-01 00:00:00,tablet,Android Browser,35,35,100
2014-02-01 00:00:00,tablet,Chrome,35,35,0
2014-02-01 00:00:00,tablet,Safari,311,311,44.373
2014-02-02 00:00:00,desktop,Chrome,1107,1246,69.4222
2014-02-02 00:00:00,desktop,Firefox,692,727,42.7785
2014-02-02 00:00:00,desktop,Internet Explorer,657,657,36.8341
2014-02-02 00:00:00,desktop,Mozilla,35,35,100
2014-02-02 00:00:00,desktop,Opera,69,69,50.7246
2014-02-02 00:00:00,desktop,Safari,415,415,33.253
2014-02-02 00:00:00,mobile,Android Browser,277,311,55.627
2014-02-02 00:00:00,mobile,BlackBerry,35,35,100
2014-02-02 00:00:00,mobile,Chrome,173,173,39.8844
2014-02-02 00:00:00,mobile,Internet Explorer,35,35,0
2014-02-02 00:00:00,mobile,Safari,623,657,73.6682
2014-02-02 00:00:00,tablet,Android Browser,35,35,0
2014-02-02 00:00:00,tablet,Chrome,35,35,100
2014-02-02 00:00:00,tablet,Safari,450,450,23.1111
2014-02-03 00:00:00,desktop,Chrome,2699,3114,48.9082
2014-02-03 00:00:00,desktop,Firefox,1073,1315,52.6236
2014-02-03 00:00:00,desktop,Internet Explorer,2837,3460,36.9942
2014-02-03 00:00:00,desktop,Opera,35,35,100
2014-02-03 00:00:00,desktop,Safari,865,865,52.0231
2014-02-03 00:00:00,desktop,UC Browser,35,35,100
2014-05-07 00:00:00,mobile,Firefox,35,35,0
2014-02-03 00:00:00,mobile,Android Browser,450,484,78.719
2014-02-03 00:00:00,mobile,BlackBerry,35,35,0
2014-02-03 00:00:00,mobile,Chrome,346,346,100
2014-02-03 00:00:00,mobile,Internet Explorer,69,104,66.3462
2014-02-03 00:00:00,mobile,S40 Ovi Browser,35,35,100
2014-02-03 00:00:00,mobile,Safari,761,934,59.3148
2014-02-03 00:00:00,mobile,Safari (in-app),104,104,100
2014-02-03 00:00:00,tablet,Chrome,69,69,0
2014-02-03 00:00:00,tablet,Safari,554,657,57.9909
2014-02-03 00:00:00,tablet,Safari (in-app),69,69,100
2014-02-04 00:00:00,desktop,Chrome,2491,2803,49.3757
2014-02-04 00:00:00,desktop,Firefox,1869,2007,49.9751
2014-02-04 00:00:00,desktop,Internet Explorer,3668,4602,30.0739
2014-02-04 00:00:00,desktop,Opera,35,35,0
2014-02-04 00:00:00,desktop,Safari,1003,1003,41.3759
2014-02-04 00:00:00,mobile,Android Browser,311,346,80.0578
2014-02-04 00:00:00,mobile,Chrome,173,242,57.0248
2014-02-04 00:00:00,mobile,Internet Explorer,35,35,100
2014-02-04 00:00:00,mobile,Safari,934,969,64.2931
2014-02-04 00:00:00,tablet,Amazon Silk,35,35,0
2014-02-04 00:00:00,tablet,Chrome,69,69,100
2014-02-04 00:00:00,tablet,Safari,415,415,50.1205
2014-02-04 00:00:00,tablet,Safari (in-app),35,35,0
2014-02-05 00:00:00,desktop,Chrome,2457,2803,54.3346
2014-02-05 00:00:00,desktop,Firefox,1938,2145,54.8718
2014-02-05 00:00:00,desktop,Internet Explorer,3114,3391,43.8809
2014-02-05 00:00:00,desktop,Safari,934,1073,45.1072
2014-02-05 00:00:00,mobile,Android Browser,415,484,71.4876
2014-02-05 00:00:00,mobile,Chrome,450,450,76.8889
2014-02-05 00:00:00,mobile,Firefox,69,69,0
2014-02-05 00:00:00,mobile,Safari,1038,1142,60.5954
2014-02-05 00:00:00,mobile,UC Browser,35,35,100
2014-02-05 00:00:00,tablet,Android Browser,69,69,100
2014-02-05 00:00:00,tablet,Chrome,35,35,100
2014-02-05 00:00:00,tablet,Safari,484,588,47.1088
2014-02-06 00:00:00,desktop,Chrome,2664,2803,45.6654
2014-02-06 00:00:00,desktop,Firefox,1661,1730,50
2014-02-06 00:00:00,desktop,IE with Chrome Frame,35,35,0
2014-02-06 00:00:00,desktop,Internet Explorer,2941,3426,32.3117
2014-02-06 00:00:00,desktop,Safari,1107,1177,52.9312
2014-02-06 00:00:00,mobile,Android Browser,311,311,55.627
2014-02-06 00:00:00,mobile,Chrome,311,311,77.8135
2014-02-06 00:00:00,mobile,Safari,1107,1177,76.4656
2014-02-06 00:00:00,mobile,Safari (in-app),35,35,0
2014-02-06 00:00:00,tablet,Amazon Silk,35,35,0
2014-02-06 00:00:00,tablet,Android Browser,35,35,100
2014-02-06 00:00:00,tablet,Chrome,69,69,100
2014-02-06 00:00:00,tablet,Safari,311,450,38.4444
2014-02-07 00:00:00,desktop,Chrome,2111,2284,62.1278
2014-02-07 00:00:00,desktop,Firefox,1003,1177,61.7672
2014-02-07 00:00:00,desktop,Internet Explorer,2595,3045,46.601
2014-02-07 00:00:00,desktop,Safari,796,934,74.0899
2014-02-07 00:00:00,mobile,Android Browser,588,692,75
2014-02-07 00:00:00,mobile,Chrome,311,346,69.9422
2014-02-07 00:00:00,mobile,S40 Ovi Browser,35,35,100
2014-02-07 00:00:00,mobile,Safari,830,830,66.747
2014-02-07 00:00:00,tablet,Chrome,35,35,0
2014-02-07 00:00:00,tablet,Safari,519,588,70.5782
2014-02-08 00:00:00,desktop,Chrome,934,934,51.8201
2014-02-08 00:00:00,desktop,Firefox,692,692,44.9422
2014-02-08 00:00:00,desktop,Internet Explorer,969,1003,62.1137
2014-02-08 00:00:00,desktop,Safari,381,415,74.9398
2014-02-08 00:00:00,mobile,Android Browser,381,381,54.5932
2014-02-08 00:00:00,mobile,Chrome,138,138,100
2014-02-08 00:00:00,mobile,Safari,1038,1246,69.4222
2014-02-08 00:00:00,tablet,Amazon Silk,35,35,100
2014-02-08 00:00:00,tablet,Chrome,104,104,33.6538
2014-02-08 00:00:00,tablet,Safari,519,623,61.1557
2014-02-08 00:00:00,tablet,Safari (in-app),35,35,100
2014-02-09 00:00:00,desktop,Chrome,1488,1661,56.2312
2014-02-09 00:00:00,desktop,Firefox,415,415,33.253
2014-02-09 00:00:00,desktop,IE with Chrome Frame,35,35,100
2014-02-09 00:00:00,desktop,Internet Explorer,1246,1280,40.5469
2014-02-09 00:00:00,desktop,Opera,35,35,100
2014-02-09 00:00:00,desktop,Safari,588,623,72.2311
2014-02-09 00:00:00,desktop,UC Browser,35,35,100
2014-02-09 00:00:00,mobile,Android Browser,415,484,64.2562
2014-02-09 00:00:00,mobile,Chrome,138,173,39.8844
2014-02-09 00:00:00,mobile,Internet Explorer,35,35,100
2014-02-09 00:00:00,mobile,Safari,657,761,63.6005
2014-02-09 00:00:00,mobile,UC Browser,35,35,100
2014-02-09 00:00:00,tablet,Amazon Silk,35,35,0
2014-02-09 00:00:00,tablet,Chrome,104,104,33.6538
2014-02-09 00:00:00,tablet,Safari,415,415,41.6867
2014-02-09 00:00:00,tablet,Safari (in-app),35,35,100
2014-02-10 00:00:00,desktop,Chrome,2976,3530,50.9632
2014-02-10 00:00:00,desktop,Firefox,1003,1142,54.5534
2014-02-10 00:00:00,desktop,IE with Chrome Frame,69,69,50.7246
2014-02-10 00:00:00,desktop,Internet Explorer,3391,4049,46.1595
2014-02-10 00:00:00,desktop,Safari,1038,1073,58.0615
2014-02-10 00:00:00,desktop,YaBrowser,35,35,100
2014-02-10 00:00:00,mobile,Android Browser,346,346,50
2014-02-10 00:00:00,mobile,Chrome,208,277,49.8195
2014-02-10 00:00:00,mobile,Safari,1280,1453,73.8472
2014-02-10 00:00:00,tablet,Amazon Silk,69,69,50.7246
2014-02-10 00:00:00,tablet,Android Browser,35,35,0
2014-02-10 00:00:00,tablet,Safari,519,554,37.5451
2014-02-11 00:00:00,desktop,Chrome,3391,3703,51.3908
2014-02-11 00:00:00,desktop,Firefox,1419,1592,56.5327
2014-02-11 00:00:00,desktop,Internet Explorer,3357,4049,50.4322
2014-02-11 00:00:00,desktop,Safari,1003,1177,41.1215
2014-02-11 00:00:00,mobile,Android Browser,519,588,35.3741
2014-02-11 00:00:00,mobile,Chrome,242,277,62.4549
2014-02-11 00:00:00,mobile,Safari,900,969,71.4138
2014-02-11 00:00:00,mobile,Safari (in-app),69,69,100
2014-02-11 00:00:00,tablet,Android Browser,35,35,100
2014-02-11 00:00:00,tablet,Chrome,69,69,0
2014-02-11 00:00:00,tablet,Safari,277,346,50
2014-02-12 00:00:00,desktop,Chrome,2664,2872,51.8106
2014-02-12 00:00:00,desktop,Firefox,1246,1384,54.9855
2014-02-12 00:00:00,desktop,IE with Chrome Frame,35,35,100
2014-02-12 00:00:00,desktop,Internet Explorer,3114,3357,48.4361
2014-02-12 00:00:00,desktop,Opera,35,35,100
2014-02-12 00:00:00,desktop,Safari,934,934,51.8201
2014-02-12 00:00:00,mobile,Android Browser,277,311,44.373
2014-02-12 00:00:00,mobile,Chrome,415,415,83.3735
2014-02-12 00:00:00,mobile,Safari,969,1073,67.754
2014-02-12 00:00:00,mobile,UC Browser,35,35,100
2014-02-12 00:00:00,tablet,Amazon Silk,35,35,100
2014-02-12 00:00:00,tablet,Chrome,35,35,0
2014-02-12 00:00:00,tablet,Safari,623,623,49.9197
2014-02-13 00:00:00,desktop,Chrome,2076,2318,55.22
2014-02-13 00:00:00,desktop,Firefox,1280,1350,43.5556
2014-02-13 00:00:00,desktop,IE with Chrome Frame,35,35,100
2014-02-13 00:00:00,desktop,Internet Explorer,2976,3391,55.1165
2014-02-13 00:00:00,desktop,Safari,692,830,33.3735
2014-02-13 00:00:00,mobile,Android Browser,415,554,56.1372
2014-02-13 00:00:00,mobile,Chrome,415,450,61.5556
2014-02-13 00:00:00,mobile,Internet Explorer,35,35,100
2014-02-13 00:00:00,mobile,S40 Ovi Browser,35,138,50
2014-02-13 00:00:00,mobile,Safari,1073,1107,62.5113
2014-02-13 00:00:00,mobile,Safari (in-app),35,35,100
2014-02-13 00:00:00,tablet,Amazon Silk,69,69,50.7246
2014-02-13 00:00:00,tablet,Chrome,35,35,0
2014-02-13 00:00:00,tablet,Safari,588,623,49.9197
2014-02-14 00:00:00,desktop,Chrome,1557,1661,52.0771
2014-02-14 00:00:00,desktop,Firefox,900,1038,53.3719
2014-02-14 00:00:00,desktop,Internet Explorer,2422,2734,48.098
2015-01-08 00:00:00,mobile,Opera,35,35,0
2014-02-14 00:00:00,desktop,Safari,657,727,61.8982
2014-02-14 00:00:00,mobile,Android Browser,311,346,80.0578
2014-02-14 00:00:00,mobile,Chrome,242,346,100
2014-02-14 00:00:00,mobile,Firefox,35,35,0
2014-02-14 00:00:00,mobile,Internet Explorer,35,35,0
2014-02-14 00:00:00,mobile,Safari,1003,1107,68.7444
2014-02-14 00:00:00,tablet,Android Browser,35,35,0
2014-02-14 00:00:00,tablet,Chrome,35,35,100
2014-02-14 00:00:00,tablet,Safari,450,484,42.9752
2014-02-15 00:00:00,desktop,Chrome,1073,1073,67.754
2014-02-15 00:00:00,desktop,Firefox,588,623,77.6886
2014-02-15 00:00:00,desktop,Internet Explorer,969,1003,58.6241
2014-02-15 00:00:00,desktop,Mozilla Compatible Agent,35,35,100
2014-02-15 00:00:00,desktop,Safari,484,519,73.4104
2014-02-15 00:00:00,desktop,UC Browser,35,35,100
2014-02-15 00:00:00,mobile,Android Browser,311,346,80.0578
2014-02-15 00:00:00,mobile,Chrome,381,415,83.3735
2014-02-15 00:00:00,mobile,Firefox,35,35,0
2014-02-15 00:00:00,mobile,Internet Explorer,35,35,0
2014-02-15 00:00:00,mobile,Safari,727,900,88.4444
2014-02-15 00:00:00,mobile,Safari (in-app),35,35,100
2014-02-15 00:00:00,tablet,Amazon Silk,35,35,100
2014-02-15 00:00:00,tablet,Safari,311,346,19.9422
2014-02-15 00:00:00,tablet,Safari (in-app),35,35,100
2014-02-16 00:00:00,desktop,Chrome,1315,1315,49.962
2014-02-16 00:00:00,desktop,Firefox,484,519,66.6667
2014-02-16 00:00:00,desktop,Internet Explorer,1142,1211,51.4451
2014-02-16 00:00:00,desktop,Safari,727,727,61.8982
2014-02-16 00:00:00,mobile,Android Browser,311,311,89.0675
2014-02-16 00:00:00,mobile,BlackBerry,35,35,100
2014-02-16 00:00:00,mobile,Chrome,311,311,89.0675
2014-02-16 00:00:00,mobile,Internet Explorer,35,35,100
2014-02-16 00:00:00,mobile,Safari,796,830,66.747
2014-02-16 00:00:00,mobile,Safari (in-app),35,35,100
2014-02-16 00:00:00,tablet,Android Browser,35,69,50.7246
2014-02-16 00:00:00,tablet,Chrome,69,69,50.7246
2014-02-16 00:00:00,tablet,Safari,450,484,28.5124
2014-02-17 00:00:00,desktop,Chrome,1523,1626,51.0455
2014-02-17 00:00:00,desktop,Firefox,1073,1177,41.1215
2014-02-17 00:00:00,desktop,IE with Chrome Frame,35,35,0
2014-02-17 00:00:00,desktop,Internet Explorer,2318,2561,35.1425
2014-02-17 00:00:00,desktop,Opera,35,35,100
2014-02-17 00:00:00,desktop,Safari,657,692,59.9711
2014-02-17 00:00:00,mobile,Android Browser,346,346,60.1156
2014-02-17 00:00:00,mobile,Chrome,277,277,75.0903
2014-02-17 00:00:00,mobile,Internet Explorer,69,69,100
2014-02-17 00:00:00,mobile,Safari,900,900,61.5556
2014-02-17 00:00:00,mobile,Safari (in-app),35,35,100
2014-02-17 00:00:00,tablet,Amazon Silk,69,69,0
2014-02-17 00:00:00,tablet,Android Browser,69,69,50.7246
2014-02-17 00:00:00,tablet,Chrome,104,104,66.3462
2014-02-17 00:00:00,tablet,Safari,588,657,42.1613
2014-02-18 00:00:00,desktop,Chrome,3010,3218,43.0081
2014-02-18 00:00:00,desktop,Firefox,1315,1488,44.1532
2014-02-18 00:00:00,desktop,IE with Chrome Frame,35,35,0
2014-02-18 00:00:00,desktop,Internet Explorer,3772,4429,42.1991
2014-02-18 00:00:00,desktop,Opera,35,35,100
2014-02-18 00:00:00,desktop,Safari,830,830,58.3133
2014-02-18 00:00:00,mobile,Android Browser,623,761,68.1997
2014-02-18 00:00:00,mobile,Chrome,415,415,66.747
2014-02-18 00:00:00,mobile,Opera Mini,35,35,100
2014-02-18 00:00:00,mobile,S40 Ovi Browser,35,35,0
2014-02-18 00:00:00,mobile,Safari,554,554,74.9097
2014-02-18 00:00:00,mobile,Safari (in-app),69,69,100
2014-02-18 00:00:00,tablet,Chrome,104,138,0
2014-02-18 00:00:00,tablet,Safari,381,381,45.4068
2014-02-18 00:00:00,tablet,Safari (in-app),35,35,100
2014-02-19 00:00:00,desktop,Chrome,2734,2976,60.4503
2014-02-19 00:00:00,desktop,Firefox,1557,1626,59.5941
2014-02-19 00:00:00,desktop,IE with Chrome Frame,35,35,0
2014-02-19 00:00:00,desktop,Internet Explorer,3287,4049,46.1595
2014-02-19 00:00:00,desktop,Safari,692,727,47.5928
2014-02-19 00:00:00,mobile,Android Browser,623,865,72.0231
2014-02-19 00:00:00,mobile,Chrome,311,381,72.7034
2014-02-19 00:00:00,mobile,Firefox,104,138,75.3623
2014-02-19 00:00:00,mobile,Opera,35,35,0
2014-02-19 00:00:00,mobile,Safari,657,657,57.9909
2014-02-19 00:00:00,tablet,Amazon Silk,35,35,100
2014-02-19 00:00:00,tablet,Android Browser,104,173,79.7688
2014-02-19 00:00:00,tablet,Chrome,69,69,100
2014-02-19 00:00:00,tablet,Safari,519,588,52.8912
2014-02-19 00:00:00,tablet,Safari (in-app),35,35,100
2014-02-20 00:00:00,desktop,Chrome,3010,3183,54.3512
2014-02-20 00:00:00,desktop,Firefox,1211,1246,66.6132
2014-02-20 00:00:00,desktop,IE with Chrome Frame,104,104,66.3462
2014-02-20 00:00:00,desktop,Internet Explorer,3357,4083,44.918
2014-02-20 00:00:00,desktop,Safari,727,727,57.0839
2014-02-20 00:00:00,mobile,Android Browser,484,588,58.8435
2014-02-20 00:00:00,mobile,Chrome,346,346,39.8844
2014-02-20 00:00:00,mobile,Firefox,69,69,0
2014-02-20 00:00:00,mobile,Internet Explorer,35,35,100
2014-02-20 00:00:00,mobile,Nokia Browser,35,35,100
2014-02-20 00:00:00,mobile,Safari,830,900,76.8889
2014-02-20 00:00:00,tablet,Amazon Silk,35,35,100
2014-02-20 00:00:00,tablet,Android Browser,104,104,66.3462
2014-02-20 00:00:00,tablet,Chrome,35,35,0
2014-02-20 00:00:00,tablet,Safari,277,277,62.4549
2014-02-21 00:00:00,desktop,Chrome,2180,2561,63.4908
2014-02-21 00:00:00,desktop,Firefox,1003,1177,52.9312
2014-02-21 00:00:00,desktop,IE with Chrome Frame,35,35,0
2014-02-21 00:00:00,desktop,Internet Explorer,2734,3149,49.4443
2014-02-21 00:00:00,desktop,Opera,35,35,100
2014-02-21 00:00:00,desktop,Safari,657,761,45.4665
2014-02-21 00:00:00,mobile,Android Browser,450,450,61.5556
2014-02-21 00:00:00,mobile,BlackBerry,35,69,100
2014-02-21 00:00:00,mobile,BrowserNG,35,35,100
2014-02-21 00:00:00,mobile,Chrome,381,484,57.2314
2014-02-21 00:00:00,mobile,Safari,969,1246,66.6132
2014-02-21 00:00:00,mobile,Safari (in-app),69,69,100
2014-02-21 00:00:00,tablet,Amazon Silk,35,35,0
2014-02-21 00:00:00,tablet,Android Browser,104,138,75.3623
2014-02-21 00:00:00,tablet,Safari,311,311,66.881
2014-02-21 00:00:00,tablet,Safari (in-app),35,35,100
2014-02-22 00:00:00,desktop,Chrome,761,761,59.1327
2014-02-22 00:00:00,desktop,Firefox,519,554,24.9097
2014-02-22 00:00:00,desktop,Internet Explorer,1142,1211,57.1429
2014-02-22 00:00:00,desktop,Safari,623,623,55.5377
2014-02-22 00:00:00,mobile,Android Browser,242,242,100
2014-02-22 00:00:00,mobile,Chrome,415,450,76.8889
2014-02-22 00:00:00,mobile,Internet Explorer,35,35,100
2014-02-22 00:00:00,mobile,Safari,554,588,64.7959
2014-02-22 00:00:00,tablet,Amazon Silk,35,35,100
2014-02-22 00:00:00,tablet,Android Browser,35,35,100
2014-02-22 00:00:00,tablet,Chrome,35,35,100
2014-02-22 00:00:00,tablet,Safari,519,588,52.8912
2014-02-23 00:00:00,desktop,Chrome,1073,1177,49.9575
2014-02-23 00:00:00,desktop,Firefox,484,484,50
2014-02-23 00:00:00,desktop,Internet Explorer,1419,1419,51.2333
2014-02-23 00:00:00,desktop,Safari,381,381,27.2966
2014-02-23 00:00:00,mobile,Android Browser,242,277,75.0903
2014-02-23 00:00:00,mobile,Chrome,277,311,66.881
2014-02-23 00:00:00,mobile,Opera Mini,173,173,79.7688
2014-02-23 00:00:00,mobile,Safari,830,934,70.3426
2014-02-23 00:00:00,mobile,Safari (in-app),35,35,100
2014-02-23 00:00:00,tablet,Android Browser,35,35,0
2014-02-23 00:00:00,tablet,Chrome,35,35,0
2014-02-23 00:00:00,tablet,Safari,346,346,50
2014-02-24 00:00:00,desktop,Chrome,3287,3633,43.8205
2014-02-24 00:00:00,desktop,Firefox,1453,1557,68.9146
2014-02-24 00:00:00,desktop,IE with Chrome Frame,35,35,0
2014-02-24 00:00:00,desktop,Internet Explorer,3357,4014,42.2521
2014-02-24 00:00:00,desktop,Opera,35,35,100
2014-02-24 00:00:00,desktop,Safari,761,761,59.1327
2014-02-24 00:00:00,mobile,Android Browser,450,588,64.7959
2014-02-24 00:00:00,mobile,BlackBerry,35,35,100
2014-02-24 00:00:00,mobile,Chrome,138,173,60.1156
2014-02-24 00:00:00,mobile,Firefox,35,104,33.6538
2014-02-24 00:00:00,mobile,Safari,900,969,71.4138
2014-02-24 00:00:00,tablet,Android Browser,69,69,50.7246
2014-02-24 00:00:00,tablet,Safari,554,623,49.9197
2014-02-25 00:00:00,desktop,Chrome,3183,3564,47.587
2014-02-25 00:00:00,desktop,Firefox,1177,1211,34.2692
2014-02-25 00:00:00,desktop,Internet Explorer,3530,4083,45.7752
2014-02-25 00:00:00,desktop,Safari,727,830,58.3133
2014-02-25 00:00:00,mobile,Android Browser,830,1003,68.993
2014-02-25 00:00:00,mobile,Chrome,311,311,89.0675
2014-02-25 00:00:00,mobile,Safari,796,969,67.8019
2014-02-25 00:00:00,mobile,Safari (in-app),104,104,33.6538
2014-02-25 00:00:00,tablet,Chrome,35,35,100
2014-02-25 00:00:00,tablet,Safari,796,865,52.0231
2014-02-26 00:00:00,desktop,Chrome,3322,3737,61.1185
2014-02-26 00:00:00,desktop,Firefox,1142,1280,56.7969
2014-02-26 00:00:00,desktop,IE with Chrome Frame,35,35,0
2014-02-26 00:00:00,desktop,Internet Explorer,3599,4325,45.5954
2014-02-26 00:00:00,desktop,Mozilla Compatible Agent,35,35,0
2014-02-26 00:00:00,desktop,Safari,1003,1003,48.2552
2014-02-26 00:00:00,mobile,Android Browser,381,381,81.6273
2014-02-26 00:00:00,mobile,Chrome,450,484,85.7438
2014-02-26 00:00:00,mobile,Firefox,35,35,100
2014-02-26 00:00:00,mobile,Internet Explorer,35,35,0
2014-02-26 00:00:00,mobile,NetFront,35,35,100
2014-02-26 00:00:00,mobile,Opera Mini,35,35,100
2014-02-26 00:00:00,mobile,Safari,796,865,55.9538
2014-02-26 00:00:00,mobile,Safari (in-app),35,35,100
2014-02-26 00:00:00,tablet,Android Browser,35,35,100
2014-02-26 00:00:00,tablet,Chrome,69,69,50.7246
2014-02-26 00:00:00,tablet,Safari,381,381,54.5932
2014-02-27 00:00:00,desktop,Chrome,2837,2976,46.5054
2014-02-27 00:00:00,desktop,Firefox,1419,1488,39.5161
2014-02-27 00:00:00,desktop,IE with Chrome Frame,35,35,0
2014-02-27 00:00:00,desktop,Internet Explorer,3287,3495,45.5508
2014-02-27 00:00:00,desktop,Mozilla Compatible Agent,69,69,100
2014-02-27 00:00:00,desktop,Opera,138,138,75.3623
2014-02-27 00:00:00,desktop,Safari,1003,1073,38.6766
2014-02-27 00:00:00,mobile,Android Browser,415,415,50.1205
2014-02-27 00:00:00,mobile,Chrome,554,657,78.9954
2014-02-27 00:00:00,mobile,Firefox,35,35,100
2014-02-27 00:00:00,mobile,Safari,1142,1246,74.9599
2014-02-27 00:00:00,mobile,Safari (in-app),69,69,50.7246
2014-02-27 00:00:00,tablet,Amazon Silk,35,35,0
2014-02-27 00:00:00,tablet,Android Browser,69,69,0
2014-02-27 00:00:00,tablet,Safari,415,415,58.3133
2014-02-28 00:00:00,desktop,Chrome,2803,2872,63.8579
2014-02-28 00:00:00,desktop,Firefox,1419,1661,47.9229
2014-02-28 00:00:00,desktop,IE with Chrome Frame,35,35,0
2014-02-28 00:00:00,desktop,Internet Explorer,2907,3322,36.4539
2014-02-28 00:00:00,desktop,Safari,1003,1107,40.6504
2014-02-28 00:00:00,mobile,Android Browser,381,484,64.2562
2014-02-28 00:00:00,mobile,Chrome,173,242,100
2014-02-28 00:00:00,mobile,Firefox,35,104,100
2014-02-28 00:00:00,mobile,Internet Explorer,69,69,50.7246
2014-02-28 00:00:00,mobile,Safari,830,900,69.2222
2014-02-28 00:00:00,tablet,Amazon Silk,104,104,66.3462
2014-02-28 00:00:00,tablet,Android Browser,35,35,0
2014-02-28 00:00:00,tablet,Chrome,35,35,0
2014-02-28 00:00:00,tablet,Safari,450,484,50
2014-02-28 00:00:00,tablet,Safari (in-app),35,35,100
2014-03-01 00:00:00,desktop,Chrome,1280,1315,57.8707
2014-03-01 00:00:00,desktop,Firefox,934,969,64.2931
2014-03-01 00:00:00,desktop,Internet Explorer,830,900,50
2014-03-01 00:00:00,desktop,Safari,588,588,52.8912
2014-03-01 00:00:00,mobile,Android Browser,450,450,61.5556
2014-03-01 00:00:00,mobile,Chrome,104,138,75.3623
2014-03-01 00:00:00,mobile,Safari,1003,1038,73.3141
2014-03-01 00:00:00,tablet,Android Browser,69,69,100
2014-03-01 00:00:00,tablet,Chrome,173,173,79.7688
2014-03-01 00:00:00,tablet,Safari,484,519,66.6667
2014-03-01 00:00:00,tablet,Safari (in-app),35,35,100
2014-03-02 00:00:00,desktop,Chrome,1177,1246,44.4623
2014-03-02 00:00:00,desktop,Firefox,692,830,79.1566
2014-03-02 00:00:00,desktop,Internet Explorer,830,865,60
2014-03-02 00:00:00,desktop,Opera,35,35,0
2014-03-02 00:00:00,desktop,Safari,554,554,50
2014-03-02 00:00:00,mobile,Android Browser,208,208,66.3462
2014-03-02 00:00:00,mobile,Chrome,138,138,75.3623
2014-03-02 00:00:00,mobile,Firefox,69,69,50.7246
2014-03-02 00:00:00,mobile,Internet Explorer,69,69,0
2014-03-02 00:00:00,mobile,Safari,657,796,82.5377
2014-03-02 00:00:00,tablet,Android Browser,69,173,39.8844
2014-03-02 00:00:00,tablet,Chrome,208,208,16.8269
2014-03-02 00:00:00,tablet,Safari,588,692,55.0578
2014-03-03 00:00:00,desktop,Chrome,3183,3599,60.5724
2014-03-03 00:00:00,desktop,Firefox,1488,1799,48.0823
2014-03-03 00:00:00,desktop,Internet Explorer,2907,3322,37.5075
2014-03-03 00:00:00,desktop,Safari,692,761,68.1997
2014-03-03 00:00:00,mobile,Android Browser,450,450,69.1111
2014-03-03 00:00:00,mobile,Chrome,381,381,81.6273
2014-03-03 00:00:00,mobile,Firefox,104,138,100
2014-03-03 00:00:00,mobile,Internet Explorer,35,35,100
2014-03-03 00:00:00,mobile,Safari,1107,1107,71.9061
2014-03-03 00:00:00,mobile,Safari (in-app),35,35,100
2014-03-03 00:00:00,tablet,Chrome,35,35,0
2014-03-03 00:00:00,tablet,Safari,554,623,66.6132
2014-03-04 00:00:00,desktop,Chrome,3564,3737,54.6428
2014-03-04 00:00:00,desktop,Firefox,1107,1211,48.5549
2014-03-04 00:00:00,desktop,IE with Chrome Frame,69,104,33.6538
2014-03-04 00:00:00,desktop,Internet Explorer,3530,3945,49.1255
2014-03-04 00:00:00,desktop,Maxthon,35,35,100
2014-03-04 00:00:00,desktop,Opera,104,104,66.3462
2014-03-04 00:00:00,desktop,Safari,692,727,57.0839
2014-03-04 00:00:00,desktop,UC Browser,35,35,100
2014-03-04 00:00:00,mobile,Android Browser,346,381,54.5932
2014-03-04 00:00:00,mobile,Chrome,277,346,60.1156
2014-03-04 00:00:00,mobile,Firefox,35,35,100
2014-03-04 00:00:00,mobile,Opera Mini,35,35,100
2014-03-04 00:00:00,mobile,Safari,1107,1107,71.9061
2014-03-04 00:00:00,mobile,Safari (in-app),69,69,100
2014-03-04 00:00:00,tablet,Android Browser,35,35,100
2014-03-04 00:00:00,tablet,Chrome,35,35,100
2014-03-04 00:00:00,tablet,Safari,346,381,54.5932
2014-03-04 00:00:00,tablet,Safari (in-app),35,35,100
2014-03-05 00:00:00,desktop,Chrome,3080,3218,46.2399
2014-03-05 00:00:00,desktop,Firefox,1315,1384,62.5
2014-03-05 00:00:00,desktop,Internet Explorer,3149,3391,46.9478
2014-03-05 00:00:00,desktop,Opera,35,35,0
2014-03-05 00:00:00,desktop,Safari,623,692,55.0578
2014-03-05 00:00:00,mobile,Android Browser,415,415,58.3133
2014-03-05 00:00:00,mobile,Chrome,415,450,69.1111
2014-03-05 00:00:00,mobile,Firefox,35,35,100
2014-03-05 00:00:00,mobile,Opera Mini,69,69,50.7246
2014-03-05 00:00:00,mobile,Safari,1003,1142,75.7443
2014-03-05 00:00:00,mobile,Safari (in-app),35,35,100
2014-03-05 00:00:00,tablet,Amazon Silk,35,35,100
2014-03-05 00:00:00,tablet,Chrome,69,69,100
2014-03-05 00:00:00,tablet,Safari,554,588,29.4218
2014-03-06 00:00:00,desktop,Chrome,2353,2491,58.33
2014-03-06 00:00:00,desktop,Firefox,1453,1592,45.6658
2014-03-06 00:00:00,desktop,IE with Chrome Frame,35,35,0
2014-03-06 00:00:00,desktop,Internet Explorer,2803,3287,42.1053
2014-03-06 00:00:00,desktop,Opera,35,35,0
2014-03-06 00:00:00,desktop,Safari,830,830,45.9036
2014-03-06 00:00:00,mobile,Android Browser,242,242,71.4876
2014-03-06 00:00:00,mobile,Chrome,450,657,73.6682
2014-03-06 00:00:00,mobile,Firefox,35,35,100
2014-03-06 00:00:00,mobile,Internet Explorer,104,104,66.3462
2014-03-06 00:00:00,mobile,Safari,692,796,73.8693
2014-03-06 00:00:00,mobile,Safari (in-app),35,35,100
2014-03-06 00:00:00,tablet,Amazon Silk,35,35,0
2014-03-06 00:00:00,tablet,Android Browser,69,69,50.7246
2014-03-06 00:00:00,tablet,Chrome,69,69,100
2014-03-06 00:00:00,tablet,Safari,450,484,50
2014-03-07 00:00:00,desktop,Chrome,2491,2630,50
2014-03-07 00:00:00,desktop,Firefox,1073,1073,67.754
2014-03-07 00:00:00,desktop,IE with Chrome Frame,35,35,100
2014-03-07 00:00:00,desktop,Internet Explorer,2145,2664,46.7718
2014-03-07 00:00:00,desktop,Safari,761,796,56.5327
2014-03-07 00:00:00,mobile,Android Browser,311,311,89.0675
2014-03-07 00:00:00,mobile,Chrome,484,554,43.6823
2014-03-07 00:00:00,mobile,Safari,969,1038,76.6859
2014-03-07 00:00:00,tablet,Amazon Silk,35,35,100
2014-03-07 00:00:00,tablet,Android Browser,69,69,100
2014-03-07 00:00:00,tablet,Safari,346,381,54.5932
2014-03-08 00:00:00,desktop,(not set),35,35,100
2014-03-08 00:00:00,desktop,Chrome,934,969,57.1723
2014-03-08 00:00:00,desktop,Firefox,519,519,53.3719
2014-03-08 00:00:00,desktop,Internet Explorer,1003,1038,43.3526
2014-03-08 00:00:00,desktop,Safari,657,692,65.0289
2014-03-08 00:00:00,mobile,Android Browser,277,277,100
2014-03-08 00:00:00,mobile,Chrome,242,277,75.0903
2014-03-08 00:00:00,mobile,Firefox,35,35,0
2014-03-08 00:00:00,mobile,Safari,519,519,79.9615
2014-03-08 00:00:00,mobile,Safari (in-app),35,35,100
2014-03-08 00:00:00,tablet,Amazon Silk,35,35,100
2014-03-08 00:00:00,tablet,Android Browser,35,35,0
2014-03-08 00:00:00,tablet,Chrome,69,69,0
2014-03-08 00:00:00,tablet,Safari,519,554,56.1372
2014-03-08 00:00:00,tablet,Safari (in-app),35,35,100
2014-03-09 00:00:00,desktop,Chrome,1177,1177,64.6559
2014-03-09 00:00:00,desktop,Firefox,623,657,52.6636
2014-03-09 00:00:00,desktop,IE with Chrome Frame,35,35,100
2014-03-09 00:00:00,desktop,Internet Explorer,865,900,50
2014-03-09 00:00:00,desktop,Maxthon,35,138,100
2014-03-09 00:00:00,desktop,Safari,657,657,63.1659
2014-03-09 00:00:00,mobile,Android Browser,346,346,89.8844
2014-03-09 00:00:00,mobile,Chrome,242,242,100
2014-03-09 00:00:00,mobile,Internet Explorer,69,69,0
2014-03-09 00:00:00,mobile,Safari,450,450,69.1111
2014-03-09 00:00:00,tablet,Android Browser,69,69,100
2014-03-09 00:00:00,tablet,Chrome,35,69,50.7246
2014-03-09 00:00:00,tablet,Safari,484,554,68.7726
2014-03-09 00:00:00,tablet,Safari (in-app),35,35,100
2014-03-10 00:00:00,desktop,Chrome,2699,2976,52.3185
2014-03-10 00:00:00,desktop,Firefox,900,1038,66.6667
2014-03-10 00:00:00,desktop,IE with Chrome Frame,35,35,0
2014-03-10 00:00:00,desktop,Internet Explorer,2976,3253,54.2576
2014-03-10 00:00:00,desktop,Maxthon,35,35,100
2014-03-10 00:00:00,desktop,Safari,1280,1350,46.1481
2014-03-10 00:00:00,mobile,Android Browser,381,484,92.9752
2014-03-10 00:00:00,mobile,Chrome,381,415,74.9398
2014-03-10 00:00:00,mobile,Firefox,35,35,0
2014-03-10 00:00:00,mobile,Internet Explorer,69,69,100
2014-03-10 00:00:00,mobile,Opera Mini,104,104,66.3462
2014-03-10 00:00:00,mobile,Safari,934,1003,79.3619
2014-03-10 00:00:00,tablet,Android Browser,35,35,100
2014-03-10 00:00:00,tablet,Chrome,35,35,0
2014-03-10 00:00:00,tablet,Safari,450,484,42.9752
2014-03-10 00:00:00,tablet,Safari (in-app),35,35,100
2014-03-11 00:00:00,desktop,Chrome,2491,2630,61.8251
2014-03-11 00:00:00,desktop,Firefox,1280,1419,51.2333
2014-03-11 00:00:00,desktop,Internet Explorer,3080,3287,38.9413
2014-03-11 00:00:00,desktop,Opera,35,35,100
2014-03-11 00:00:00,desktop,Safari,623,623,66.6132
2014-03-11 00:00:00,mobile,Android Browser,657,761,77.2668
2014-03-11 00:00:00,mobile,Chrome,484,623,88.9246
2014-03-11 00:00:00,mobile,Firefox,104,104,66.3462
2014-03-11 00:00:00,mobile,Internet Explorer,35,35,100
2014-03-11 00:00:00,mobile,Safari,761,865,64.0462
2014-03-11 00:00:00,mobile,Safari (in-app),138,138,75.3623
2014-03-11 00:00:00,tablet,Chrome,104,173,39.8844
2014-03-11 00:00:00,tablet,Safari,415,415,33.253
2014-03-12 00:00:00,desktop,Chrome,2284,2491,52.79
2014-03-12 00:00:00,desktop,Firefox,1107,1142,60.5954
2014-03-12 00:00:00,desktop,Internet Explorer,2872,3149,46.1416
2014-03-12 00:00:00,desktop,Safari,692,727,42.7785
2014-03-12 00:00:00,mobile,Android Browser,657,692,69.9422
2014-03-12 00:00:00,mobile,BlackBerry,35,35,100
2014-03-12 00:00:00,mobile,Chrome,381,450,53.7778
2014-03-12 00:00:00,mobile,Firefox,35,35,100
2014-03-12 00:00:00,mobile,Internet Explorer,35,35,100
2014-03-12 00:00:00,mobile,S40 Ovi Browser,35,35,100
2014-03-12 00:00:00,mobile,Safari,865,1003,55.2343
2014-03-12 00:00:00,tablet,Android Browser,35,35,0
2014-03-12 00:00:00,tablet,Chrome,69,69,50.7246
2014-03-12 00:00:00,tablet,Safari,796,796,52.1357
2014-03-13 00:00:00,desktop,Chrome,2561,2768,50
2014-03-13 00:00:00,desktop,Firefox,1419,1523,52.2653
2014-03-13 00:00:00,desktop,IE with Chrome Frame,69,69,100
2014-03-13 00:00:00,desktop,Internet Explorer,2526,2976,43.0108
2014-03-13 00:00:00,desktop,Safari,692,761,72.7989
2014-03-13 00:00:00,mobile,Android Browser,311,346,80.0578
2014-03-13 00:00:00,mobile,Chrome,104,104,100
2014-03-13 00:00:00,mobile,Safari,1211,1280,62.1875
2014-03-13 00:00:00,mobile,Safari (in-app),35,35,100
2014-03-13 00:00:00,tablet,Android Browser,35,35,0
2014-03-13 00:00:00,tablet,Chrome,138,138,25.3623
2014-03-13 00:00:00,tablet,Safari,484,519,53.3719
2014-03-14 00:00:00,desktop,Chrome,2457,2837,56.1156
2014-03-14 00:00:00,desktop,Firefox,865,969,39.3189
2014-03-14 00:00:00,desktop,IE with Chrome Frame,35,35,100
2014-03-14 00:00:00,desktop,Internet Explorer,2353,2595,42.659
2014-03-14 00:00:00,desktop,Safari,796,796,65.201
2014-03-14 00:00:00,mobile,Android Browser,484,484,78.719
2014-03-14 00:00:00,mobile,BlackBerry,35,35,100
2014-03-14 00:00:00,mobile,Chrome,138,138,100
2014-03-14 00:00:00,mobile,Firefox,35,35,100
2014-03-14 00:00:00,mobile,Safari,588,623,77.6886
2014-03-14 00:00:00,tablet,Android Browser,35,35,100
2014-03-14 00:00:00,tablet,Chrome,69,104,33.6538
2014-03-14 00:00:00,tablet,Safari,450,484,42.9752